id,name,date,status,subject,department,location,room,mobile,time,priority
100058,Robert,05/06/2024,Opened,Water heater not working,Maintenance,Ladies Hostel,120,1945738291,08:45,True
100059,Patricia,06/06/2024,Closed,AC not cooling,IT Support,Gents Hostel,337,1482739502,10:30,True
100060,Christopher,07/06/2024,Opened,Shower leaking,Plumbing,Ladies Hostel,456,1293847562,11:15,True
100061,Jennifer,08/06/2024,Closed,Room lock broken,Security,Department,200,1574829304,12:00,True
100062,Richard,09/06/2024,Opened,WiFi not working,IT Support,Department,523,1964827930,13:45,True
657273,athisaya,09/06/2024,Opened,fan not working,Electrical,Ladies Hostel,g77,8975412315,03:40,True
100063,Donald,10/06/2024,Closed,Toilet not flushing,Plumbing,Gents Hostel,744,1845739201,09:30,True
571788,Vihashni,10/06/2024,Opened,wifi not working,Electricity,Ladies Hostel,G77,1236547890,08:19,True
100064,Nancy,11/06/2024,Opened,Light flickering,Electricity,Department,112,1628473912,14:15,True
100065,Ryan,12/06/2024,Closed,AC making noise,Maintenance,Ladies Hostel,567,1789325461,16:12,True
100066,Olivia,13/06/2024,Opened,Room door jammed,Housekeeping,Gents Hostel,329,1583013854,11:30,True
100067,Ethan,14/06/2024,Closed,Water leakage,Plumbing,Ladies Hostel,441,1912685348,09:20,True
100068,Emma,15/06/2024,Opened,Heater not working,Electricity,Department,618,1984739203,12:40,True
100069,Jason,16/06/2024,Closed,Window broken,Maintenance,Gents Hostel,320,1829074850,14:00,True
100070,Kevin,17/06/2024,Opened,Fan not working,Electricity,Ladies Hostel,503,1729384756,10:25,True
100071,Melissa,18/06/2024,Closed,Bathroom door stuck,Maintenance,Gents Hostel,817,1648392017,11:50,True
100072,Brandon,19/06/2024,Opened,No water supply,Plumbing,Ladies Hostel,619,1583920456,13:05,True
100073,Karen,20/06/2024,Closed,AC not working,IT Support,Department,739,1948573920,15:30,True
100074,Michael,21/06/2024,Opened,WiFi signal weak,IT Support,Gents Hostel,432,1673829104,09:45,True
100075,Ashley,22/06/2024,Closed,Water heater broken,Maintenance,Ladies Hostel,298,1539201748,11:20,True
100076,Steven,23/06/2024,Opened,Light switch not working,Electricity,Department,207,1963728491,13:55,True
100077,Elizabeth,24/06/2024,Closed,Room door not locking,Security,Gents Hostel,376,1482937501,10:10,True
100078,John,25/06/2024,Opened,Window not closing,Maintenance,Ladies Hostel,503,1628473912,14:35,True
100079,Thomas,26/06/2024,Closed,Water not hot,Plumbing,Gents Hostel,244,1845739201,16:20,True
100080,Emily,27/06/2024,Opened,Room too cold,Housekeeping,Ladies Hostel,108,1719483027,09:05,True
100081,David,28/06/2024,Closed,AC leaking,Maintenance,Gents Hostel,715,1847392012,11:30,True
100082,Sarah,29/06/2024,Opened,Shower not working,Plumbing,Ladies Hostel,426,1928473012,13:10,True
100083,James,30/06/2024,Closed,Fan making noise,Electricity,Department,517,1538201749,15:45,True
100084,Patricia,01/07/2024,Opened,Water leakage,Plumbing,Ladies Hostel,630,1973820193,10:00,True
100085,Daniel,02/07/2024,Closed,WiFi slow,IT Support,Department,209,1729475830,11:55,True
100086,Linda,03/07/2024,Opened,Room painting needed,Housekeeping,Gents Hostel,829,1628371920,13:40,True
100087,Christopher,04/07/2024,Closed,AC not cooling,Maintenance,Ladies Hostel,102,1482749305,14:25,True
100088,Nancy,05/07/2024,Opened,Light not work,Electricity,Department,215,1945738203,09:30,True
